
Firewall Policy
action,application-list,auto-asic-offload,av-profile,capture-packet,comments,diffserv-forward,diffserv-reverse,diffservcode-forward,disclaimer,dlp-sensor,dnsfilter-profile,dstaddr,dstaddr-negate,dstaddr6,dstintf,emailfilter-profile,fixedport,fsso-groups,global-label,groups,gtp-profile,icap-profile,inspection-mode,internet-service,internet-service-custom,internet-service-custom-group,internet-service-group,internet-service-name,internet-service-negate,internet-service-src,internet-service-src-custom,internet-service-src-custom-group,internet-service-src-group,internet-service-src-name,internet-service-src-negate,ippool,ips-sensor,label,logtraffic,logtraffic-start,name,nat,nat46,nat64,per-ip-shaper,policyid,poolname,poolname6,profile-group,profile-protocol-options,profile-type,replacemsg-override-group,schedule,service,service-negate,srcaddr,srcaddr-negate,srcaddr6,srcintf,ssl-ssh-profile,status,tos,tos-mask,traffic-shaper,traffic-shaper-reverse,users,utm-status,uuid,voip-profile,vpntunnel,waf-profile,webfilter-profile,webproxy-forward-server,file-filter-profile,ztna-status,ztna-ems-tag,ztna-geo-tag,videofilter-profile,cgn-session-quota,cgn-resource-quota,cgn-eif,cgn-eim,cgn-log-server-grp,_created timestamp,_last-modified-by,_modified timestamp,_created-by,extra info,scope member,visibility,_label-color,_global-label-color,scope
"deny","","","","","","disable","disable","","","","","","disable","","","","","","","","","","","disable","","","","","","disable","","","","","","","","","utm","disable","","","disable","disable","","40","","","","","","","","","disable","","disable","","","","enable","0x00","0x00","","","","","d2f2f4aa-3c8a-51f0-392c-8edbdb8d287f","","","","","","","disable","","","","16777215","16","","","","1970-01-01 08:00:00",,"1970-01-01 08:00:00",,"","","","","","[All Devices/Groups]"
"deny","","","","","","disable","disable","","","","","","disable","","","","","","","","","","","disable","","","","","","disable","","","","","","","","","utm","disable","","","disable","disable","","33","","","","","","","","","disable","","disable","","","","enable","0x00","0x00","","","","","d2f35972-3c8a-51f0-fd69-6b8589c7d7a5","","","","","","","disable","","","","16777215","16","","","","1970-01-01 08:00:00",,"1970-01-01 08:00:00",,"","","","","","[All Devices/Groups]"
"deny","","","","","","disable","disable","","","","","","disable","","","","","","","","","","","disable","","","","","","disable","","","","","","","","","utm","disable","","","disable","disable","","37","","","","","","","","","disable","","disable","","","","enable","0x00","0x00","","","","","d2f36a02-3c8a-51f0-0841-b4ddd0f02b54","","","","","","","disable","","","","16777215","16","","","","1970-01-01 08:00:00",,"1970-01-01 08:00:00",,"","","","","","[All Devices/Groups]"
"deny","","","","","","disable","disable","","","","","","disable","","","","","","","","","","","disable","","","","","","disable","","","","","","","","","utm","disable","","","disable","disable","","34","","","","","","","","","disable","","disable","","","","enable","0x00","0x00","","","","","d2f37948-3c8a-51f0-1987-93c4c4c59cec","","","","","","","disable","","","","16777215","16","","","","1970-01-01 08:00:00",,"1970-01-01 08:00:00",,"","","","","","[All Devices/Groups]"
"deny","","","","","","disable","disable","","","","","","disable","","","","","","","","","","","disable","","","","","","disable","","","","","","","","","utm","disable","","","disable","disable","","39","","","","","","","","","disable","","disable","","","","enable","0x00","0x00","","","","","d2f38820-3c8a-51f0-8b60-f43072db3f24","","","","","","","disable","","","","16777215","16","","","","1970-01-01 08:00:00",,"1970-01-01 08:00:00",,"","","","","","[All Devices/Groups]"
"deny","","","","","","disable","disable","","","","","","disable","","","","","","","","","","","disable","","","","","","disable","","","","","","","","","utm","disable","","","disable","disable","","35","","","","","","","","","disable","","disable","","","","enable","0x00","0x00","","","","","d2f396ee-3c8a-51f0-b19c-d884ba25ec95","","","","","","","disable","","","","16777215","16","","","","1970-01-01 08:00:00",,"1970-01-01 08:00:00",,"","","","","","[All Devices/Groups]"
"deny","","","","","","disable","disable","","","","","","disable","","","","","","","","","","","disable","","","","","","disable","","","","","","","","","utm","disable","","","disable","disable","","36","","","","","","","","","disable","","disable","","","","enable","0x00","0x00","","","","","d2f3a5bc-3c8a-51f0-6002-21143a10e8bd","","","","","","","disable","","","","16777215","16","","","","1970-01-01 08:00:00",,"1970-01-01 08:00:00",,"","","","","","[All Devices/Groups]"
"accept","","enable","","disable","","disable","disable","","disable","","","all","disable","","spoke-underlay","","disable","","","","","","flow","disable","","","","","","disable","","","","","","disable","","","all","disable","allow-ot-internet-test","enable","disable","disable","","42","","","","default","","","always","ALL_ICMP DNS HTTPS","disable","all","disable","","it-ot-vdom-interlink","no-inspection","enable","0x00","0x00","","","","disable","ff7eed28-3c9c-51f0-8927-f46e499d80e7","","","","","","","disable","","","","16777215","16","","","","1970-01-01 08:00:00",,"1970-01-01 08:00:00",,"","","","","","[All Devices/Groups]"

IPv4 Local In Policy
action,comments,dstaddr,dstaddr-negate,ha-mgmt-intf-only,intf,policyid,schedule,service,service-negate,srcaddr,srcaddr-negate,status,uuid,_created timestamp,_last-modified-by,_modified timestamp,_created-by,extra info,scope member,visibility,_label-color,_global-label-color,scope
"accept","","all","disable","disable","any","4","always","ADMIN-GUI SSH","disable","AdminIP_EDGE_ADG","disable","enable","d2f3c5b0-3c8a-51f0-2d6a-d70ce3c820ab","1970-01-01 08:00:00",,"1970-01-01 08:00:00",,"","","","","","[All Devices/Groups]"
"accept","","all","disable","disable","any","5","always","ADMIN-GUI SSH","disable","AdminIP_BranchNET_ADG","disable","enable","d2f3ca60-3c8a-51f0-4530-e32de113581d","1970-01-01 08:00:00",,"1970-01-01 08:00:00",,"","","","","","[All Devices/Groups]"
"accept","","IPsec-LO","disable","disable","any","6","always","ALL","disable","IPsec-LO","disable","enable","d2f3ce16-3c8a-51f0-17d1-4f485e0254be","1970-01-01 08:00:00",,"1970-01-01 08:00:00",,"","","","","","[All Devices/Groups]"
"deny","","all","disable","disable","any","2","always","ADMIN-GUI SSH","disable","all","disable","enable","d2f3d154-3c8a-51f0-ceaf-1833d1f5fade","1970-01-01 08:00:00",,"1970-01-01 08:00:00",,"","","","","","[All Devices/Groups]"

IPv4 Interface Policy
