
Firewall Policy
action,application-list,auto-asic-offload,av-profile,capture-packet,comments,diffserv-forward,diffserv-reverse,diffservcode-forward,disclaimer,dlp-sensor,dnsfilter-profile,dstaddr,dstaddr-negate,dstaddr6,dstintf,emailfilter-profile,fixedport,fsso-groups,global-label,groups,gtp-profile,icap-profile,inspection-mode,internet-service,internet-service-custom,internet-service-custom-group,internet-service-group,internet-service-name,internet-service-negate,internet-service-src,internet-service-src-custom,internet-service-src-custom-group,internet-service-src-group,internet-service-src-name,internet-service-src-negate,ippool,ips-sensor,label,logtraffic,logtraffic-start,name,nat,nat46,nat64,per-ip-shaper,policyid,poolname,poolname6,profile-group,profile-protocol-options,profile-type,replacemsg-override-group,schedule,service,service-negate,srcaddr,srcaddr-negate,srcaddr6,srcintf,ssl-ssh-profile,status,tos,tos-mask,traffic-shaper,traffic-shaper-reverse,users,utm-status,uuid,voip-profile,vpntunnel,waf-profile,webfilter-profile,webproxy-forward-server,file-filter-profile,ztna-status,ztna-ems-tag,ztna-geo-tag,videofilter-profile,cgn-session-quota,cgn-resource-quota,cgn-eif,cgn-eim,cgn-log-server-grp,_created timestamp,_last-modified-by,_modified timestamp,_created-by,extra info,scope member,visibility,_label-color,_global-label-color,scope
"deny","","","","","","disable","disable","","","","","","disable","","","","","","","","","","","disable","","","","","","disable","","","","","","","","","utm","disable","","","disable","disable","","17","","","","","","","","","disable","","disable","","","","enable","0x00","0x00","","","","","4fd94152-4599-51ef-56d9-9119dfae6c37","","","","","","","disable","","","","16777215","16","","","","1970-01-01 08:00:00",,"1970-01-01 08:00:00",,"","","","","0","[All Devices/Groups]"
"deny","","","","","","disable","disable","","","","","","disable","","","","","","","","","","","disable","","","","","","disable","","","","","","","","","utm","disable","","","disable","disable","","10","","","","","","","","","disable","","disable","","","","enable","0x00","0x00","","","","","e81205fe-9a35-51ee-e441-94a3da34cb77","","","","","","","disable","","","","16777215","16","","","","1970-01-01 08:00:00",,"1970-01-01 08:00:00",,"","","","","0","[All Devices/Groups]"
"deny","","","","","","disable","disable","","","","","","disable","","","","","","","","","","","disable","","","","","","disable","","","","","","","","","utm","disable","","","disable","disable","","15","","","","","","","","","disable","","disable","","","","enable","0x00","0x00","","","","","5f776c58-9cb9-51ee-bc61-fa72ffa37d87","","","","","","","disable","","","","16777215","16","","","","1970-01-01 08:00:00",,"1970-01-01 08:00:00",,"","","","","0","[All Devices/Groups]"
"deny","","","","","","disable","disable","","","","","","disable","","","","","","","","","","","disable","","","","","","disable","","","","","","","","","utm","disable","","","disable","disable","","11","","","","","","","","","disable","","disable","","","","enable","0x00","0x00","","","","","fa1e8640-9a36-51ee-2091-80a4712e4b11","","","","","","","disable","","","","16777215","16","","","","1970-01-01 08:00:00",,"1970-01-01 08:00:00",,"","","","","0","[All Devices/Groups]"
"deny","","","","","","disable","disable","","","","","","disable","","","","","","","","","","","disable","","","","","","disable","","","","","","","","","utm","disable","","","disable","disable","","16","","","","","","","","","disable","","disable","","","","enable","0x00","0x00","","","","","83e92414-1108-51ef-d11b-46fd57b21ed0","","","","","","","disable","","","","16777215","16","","","","1970-01-01 08:00:00",,"1970-01-01 08:00:00",,"","","","","0","[All Devices/Groups]"
"deny","","","","","","disable","disable","","","","","","disable","","","","","","","","","","","disable","","","","","","disable","","","","","","","","","utm","disable","","","disable","disable","","14","","","","","","","","","disable","","disable","","","","enable","0x00","0x00","","","","","f87326ba-9a82-51ee-8c3e-d5915700e611","","","","","","","disable","","","","16777215","16","","","","1970-01-01 08:00:00",,"1970-01-01 08:00:00",,"","","","","0","[All Devices/Groups]"
"deny","","","","","","disable","disable","","","","","","disable","","","","","","","","","","","disable","","","","","","disable","","","","","","","","","utm","disable","","","disable","disable","","12","","","","","","","","","disable","","disable","","","","enable","0x00","0x00","","","","","50b2e7d0-9a37-51ee-4d75-9b7543ed81cb","","","","","","","disable","","","","16777215","16","","","","1970-01-01 08:00:00",,"1970-01-01 08:00:00",,"","","","","0","[All Devices/Groups]"
"deny","","","","","","disable","disable","","","","","","disable","","","","","","","","","","","disable","","","","","","disable","","","","","","","","","utm","disable","","","disable","disable","","13","","","","","","","","","disable","","disable","","","","enable","0x00","0x00","","","","","9380a75a-9a37-51ee-bead-7699cf5d3060","","","","","","","disable","","","","16777215","16","","","","1970-01-01 08:00:00",,"1970-01-01 08:00:00",,"","","","","0","[All Devices/Groups]"

IPv4 Local In Policy
action,comments,dstaddr,dstaddr-negate,ha-mgmt-intf-only,intf,policyid,schedule,service,service-negate,srcaddr,srcaddr-negate,status,uuid,_created timestamp,_last-modified-by,_modified timestamp,_created-by,extra info,scope member,visibility,_label-color,_global-label-color,scope
"accept","","all","disable","enable","any","5","always","SNMP","disable","v-user-data_vlan1096_osbp CorpNET_INFRA_PDC1_ADG CorpNET_SERVERS_PDC1_ADG","disable","enable","696b650e-fb0d-51ee-83a4-9a73edb0d294","1970-01-01 08:00:00",,"1970-01-01 08:00:00",,"","","","","","[All Devices/Groups]"
"accept","","all","disable","disable","any","3","always","ADMIN-GUI SSH","disable","AdminIP_PDC1_ADG","disable","enable","4d62019e-9648-51ee-d300-47856d88f971","1970-01-01 08:00:00",,"1970-01-01 08:00:00",,"","","","","","[All Devices/Groups]"
"accept","","IPsec-LO","disable","disable","any","6","always","ALL","disable","IPsec-LO","disable","enable","ea3026f0-f438-51ef-97b7-ccb9a5b5b3b4","1970-01-01 08:00:00",,"1970-01-01 08:00:00",,"","","","","","[All Devices/Groups]"
"deny","","all","disable","disable","any","2","always","ADMIN-GUI SNMP SSH","disable","all","disable","enable","61fdbcb4-4e1e-51ee-c2b2-057b3829473d","1970-01-01 08:00:00",,"1970-01-01 08:00:00",,"","","","","","[All Devices/Groups]"

IPv4 Interface Policy
