
Firewall Policy
action,application-list,auto-asic-offload,av-profile,capture-packet,comments,diffserv-forward,diffserv-reverse,diffservcode-forward,disclaimer,dlp-sensor,dnsfilter-profile,dstaddr,dstaddr-negate,dstaddr6,dstintf,emailfilter-profile,fixedport,fsso-groups,global-label,groups,gtp-profile,icap-profile,inspection-mode,internet-service,internet-service-custom,internet-service-custom-group,internet-service-group,internet-service-name,internet-service-negate,internet-service-src,internet-service-src-custom,internet-service-src-custom-group,internet-service-src-group,internet-service-src-name,internet-service-src-negate,ippool,ips-sensor,label,logtraffic,logtraffic-start,name,nat,nat46,nat64,per-ip-shaper,policyid,poolname,poolname6,profile-group,profile-protocol-options,profile-type,replacemsg-override-group,schedule,service,service-negate,srcaddr,srcaddr-negate,srcaddr6,srcintf,ssl-ssh-profile,status,tos,tos-mask,traffic-shaper,traffic-shaper-reverse,users,utm-status,uuid,voip-profile,vpntunnel,waf-profile,webfilter-profile,webproxy-forward-server,file-filter-profile,ztna-status,ztna-ems-tag,ztna-geo-tag,videofilter-profile,cgn-session-quota,cgn-resource-quota,cgn-eif,cgn-eim,cgn-log-server-grp,_created timestamp,_last-modified-by,_modified timestamp,_created-by,extra info,scope member,visibility,_label-color,_global-label-color,scope
"deny","","","","","","disable","disable","","","","","","disable","","","","","","","","","","","disable","","","","","","disable","","","","","","","","","utm","disable","","","disable","disable","","40","","","","","","","","","disable","","disable","","","","enable","0x00","0x00","","","","","c6a4c5d6-4599-51ef-acfc-4a9b7b20f8d5","","","","","","","disable","","","","16777215","16","","","","1970-01-01 08:00:00",,"1970-01-01 08:00:00",,"","","","","","[All Devices/Groups]"
"deny","","","","","","disable","disable","","","","","","disable","","","","","","","","","","","disable","","","","","","disable","","","","","","","","","utm","disable","","","disable","disable","","33","","","","","","","","","disable","","disable","","","","enable","0x00","0x00","","","","","42206c48-9a3b-51ee-730e-e30bcc57c0cf","","","","","","","disable","","","","16777215","16","","","","1970-01-01 08:00:00",,"1970-01-01 08:00:00",,"","","","","","[All Devices/Groups]"
"deny","","","","","","disable","disable","","","","","","disable","","","","","","","","","","","disable","","","","","","disable","","","","","","","","","utm","disable","","","disable","disable","","37","","","","","","","","","disable","","disable","","","","enable","0x00","0x00","","","","","74f78b12-9cb9-51ee-2b41-3204c1cf312d","","","","","","","disable","","","","16777215","16","","","","1970-01-01 08:00:00",,"1970-01-01 08:00:00",,"","","","","","[All Devices/Groups]"
"deny","","","","","","disable","disable","","","","","","disable","","","","","","","","","","","disable","","","","","","disable","","","","","","","","","utm","disable","","","disable","disable","","34","","","","","","","","","disable","","disable","","","","enable","0x00","0x00","","","","","82a2f45c-9a3b-51ee-0404-319eda57dce7","","","","","","","disable","","","","16777215","16","","","","1970-01-01 08:00:00",,"1970-01-01 08:00:00",,"","","","","","[All Devices/Groups]"
"deny","","","","","","disable","disable","","","","","","disable","","","","","","","","","","","disable","","","","","","disable","","","","","","","","","utm","disable","","","disable","disable","","39","","","","","","","","","disable","","disable","","","","enable","0x00","0x00","","","","","0c7e0c0a-05eb-51ef-efaf-bbbda81ab4d7","","","","","","","disable","","","","16777215","16","","","","1970-01-01 08:00:00",,"1970-01-01 08:00:00",,"","","","","","[All Devices/Groups]"
"deny","","","","","","disable","disable","","","","","","disable","","","","","","","","","","","disable","","","","","","disable","","","","","","","","","utm","disable","","","disable","disable","","35","","","","","","","","","disable","","disable","","","","enable","0x00","0x00","","","","","87be7ab0-9a3b-51ee-7f89-1b00f9d24625","","","","","","","disable","","","","16777215","16","","","","1970-01-01 08:00:00",,"1970-01-01 08:00:00",,"","","","","","[All Devices/Groups]"
"deny","","","","","","disable","disable","","","","","","disable","","","","","","","","","","","disable","","","","","","disable","","","","","","","","","utm","disable","","","disable","disable","","36","","","","","","","","","disable","","disable","","","","enable","0x00","0x00","","","","","c8b651a0-9a3b-51ee-3313-e1126a3791fe","","","","","","","disable","","","","16777215","16","","","","1970-01-01 08:00:00",,"1970-01-01 08:00:00",,"","","","","","[All Devices/Groups]"

IPv4 Local In Policy
action,comments,dstaddr,dstaddr-negate,ha-mgmt-intf-only,intf,policyid,schedule,service,service-negate,srcaddr,srcaddr-negate,status,uuid,_created timestamp,_last-modified-by,_modified timestamp,_created-by,extra info,scope member,visibility,_label-color,_global-label-color,scope
"accept","","all","disable","disable","any","4","always","ADMIN-GUI SSH","disable","AdminIP_EDGE_ADG","disable","enable","d9878362-964b-51ee-aabd-4108699cffd0","1970-01-01 08:00:00",,"1970-01-01 08:00:00",,"","","","","","[All Devices/Groups]"
"accept","","all","disable","disable","any","5","always","ADMIN-GUI SSH","disable","AdminIP_BranchNET_ADG","disable","enable","733a909c-caf6-51ee-2fe4-9719ee8a729a","1970-01-01 08:00:00",,"1970-01-01 08:00:00",,"","","","","","[All Devices/Groups]"
"accept","","IPsec-LO","disable","disable","any","6","always","ALL","disable","IPsec-LO","disable","enable","bdc51fd0-f438-51ef-7e1b-304afa435afa","1970-01-01 08:00:00",,"1970-01-01 08:00:00",,"","","","","","[All Devices/Groups]"
"deny","","all","disable","disable","any","2","always","ADMIN-GUI SSH","disable","all","disable","enable","1ab78e54-8a67-51ee-75e2-8f7a2496f597","1970-01-01 08:00:00",,"1970-01-01 08:00:00",,"","","","","","[All Devices/Groups]"

IPv4 Interface Policy
